,yearlyperformance,yearlyutilization
0,0.86248,0.7133847031963471
1,0.7996066142152287,0.6877891933028919
2,0.7996066142152287,0.6874505327245053
3,0.7996066142152287,0.6874505327245053
4,0.7996066142152287,0.6874505327245053
