,yearlyperformance,yearlyutilization
0,0.86182,0.7149619482496195
1,0.7998733164421923,0.6876236681887367
2,0.7998733164421923,0.6874334094368341
3,0.7998733164421923,0.6874334094368341
4,0.7998733164421923,0.6874334094368341
