,yearlyperformance,yearlyutilization
0,0.800073343112415,0.6861948249619483
1,0.7713819837558454,0.6742694063926941
2,0.7420299377249614,0.661400304414003
3,0.68825,0.6420776255707763
4,0.6392444444444444,0.6238736681887367
